<?xml version="1.0" encoding="UTF-8"?>
<project-private xmlns="http://www.netbeans.org/ns/project-private/1">
    <editor-bookmarks xmlns="http://www.netbeans.org/ns/editor-bookmarks/2" lastBookmarkId="0"/>
    <open-files xmlns="http://www.netbeans.org/ns/projectui-open-files/2">
        <group>
            <file>file:/Users/raliclo/NetBeansProjects/%23CS557HW/CS557-HW5-13108-WeiShun/views/error.jade</file>
            <file>file:/Users/raliclo/NetBeansProjects/%23CS557HW/CS557-HW5-13108-WeiShun/app.js</file>
            <file>file:/Users/raliclo/NetBeansProjects/%23CS557HW/CS557-HW5-13108-WeiShun/routes/final.js</file>
            <file>file:/Users/raliclo/NetBeansProjects/%23CS557HW/CS557-HW5-13108-WeiShun/routes/users.js</file>
            <file>file:/Users/raliclo/NetBeansProjects/%23CS557HW/CS557-HW5-13108-WeiShun/routes/confirm.js</file>
            <file>file:/Users/raliclo/NetBeansProjects/%23CS557HW/CS557-HW5-13108-WeiShun/bin/www</file>
            <file>file:/Users/raliclo/NetBeansProjects/%23CS557HW/CS557-HW5-13108-WeiShun/views/confirm.jade</file>
            <file>file:/Users/raliclo/NetBeansProjects/%23CS557HW/CS557-HW5-13108-WeiShun/views/500.jade</file>
            <file>file:/Users/raliclo/NetBeansProjects/%23CS557HW/CS557-HW5-13108-WeiShun/routes/index.js</file>
            <file>file:/Users/raliclo/NetBeansProjects/%23CS557HW/CS557-HW5-13108-WeiShun/routes/listall.js</file>
            <file>file:/Users/raliclo/NetBeansProjects/%23CS557HW/CS557-HW5-13108-WeiShun/routedExpress.js</file>
            <file>file:/Users/raliclo/NetBeansProjects/%23CS557HW/CS557-HW5-13108-WeiShun/views/404.jade</file>
            <file>file:/Users/raliclo/NetBeansProjects/%23CS557HW/CS557-HW5-13108-WeiShun/views/index.jade</file>
            <file>file:/Users/raliclo/NetBeansProjects/%23CS557HW/CS557-HW5-13108-WeiShun/views/listall.jade</file>
            <file>file:/Users/raliclo/NetBeansProjects/%23CS557HW/CS557-HW5-13108-WeiShun/views/layout.jade</file>
        </group>
    </open-files>
</project-private>
