<?xml version="1.0" encoding="UTF-8"?>
<project-private xmlns="http://www.netbeans.org/ns/project-private/1">
    <editor-bookmarks xmlns="http://www.netbeans.org/ns/editor-bookmarks/2" lastBookmarkId="0"/>
    <open-files xmlns="http://www.netbeans.org/ns/projectui-open-files/2">
        <group>
            <file>file:/Users/raliclo/NetBeansProjects/%23CS557HW/CS557_HW5_13108_WeiShun/public/stylesheets/style.css</file>
            <file>file:/Users/raliclo/NetBeansProjects/%23CS557HW/CS557_HW5_13108_WeiShun/routes/carts.js</file>
        </group>
    </open-files>
</project-private>
